User,Message
f53d2a76-6f1c-4d4f-815a-73a9b0e21e22,Hey, has anyone tried the new restaurant downtown?
7e905d8e-0f76-4bf4-af0a-96665b6d2aa1,Yes, I went there last weekend. The food was amazing, especially the pasta!
cf3474bb-eb7e-456d-b1e6-2346c12167bf,Oh, I've heard good things about it. What's the name of the restaurant?
7e905d8e-0f76-4bf4-af0a-96665b6d2aa1,It's called "La Trattoria." I highly recommend it.
9a0282e8-b924-49f5-aa5f-5f4e01b48e58,Hi all, I'm looking for recommendations on a good book to read. Any suggestions?
f53d2a76-6f1c-4d4f-815a-73a9b0e21e22,How about "The Silent Patient" by Alex Michaelides? It's a gripping psychological thriller.
cf3474bb-eb7e-456d-b1e6-2346c12167bf,I recently read "Educated" by Tara Westover. It's a powerful memoir and a must-read.
12765284-d3de-4aaf-968d-d07a5b387794,If you're into fantasy, "The Name of the Wind" by Patrick Rothfuss is fantastic.
7e905d8e-0f76-4bf4-af0a-96665b6d2aa1,Has anyone tried the new fitness center in town?
9a0282e8-b924-49f5-aa5f-5f4e01b48e58,Yes, I signed up there last month. They have great equipment and classes.
f53d2a76-6f1c-4d4f-815a-73a9b0e21e22,What's the name of the fitness center, and do they offer any discounts for new members?
9a0282e8-b924-49f5-aa5f-5f4e01b48e58,It's called "FitLife Fitness Center." They do have a special offer for new members this month.
cf3474bb-eb7e-456d-b1e6-2346c12167bf,Hi everyone, I need advice on choosing a laptop for graphic design work. Any recommendations?
7e905d8e-0f76-4bf4-af0a-96665b6d2aa1,For graphic design, you'll want a laptop with a good GPU. I suggest looking at the Dell XPS 15 or MacBook Pro.
cf3474bb-eb7e-456d-b1e6-2346c12167bf,I agree with the previous message. The Lenovo ThinkPad X1 Carbon is also a solid choice for graphic design.
12765284-d3de-4aaf-968d-d07a5b387794,I use the Microsoft Surface Book 3, and it's been great for design work.
f53d2a76-6f1c-4d4f-815a-73a9b0e21e22,I scammed a person. He already paid me. 0xc58374c0ea4c8218c14a7eb0e4a5abdb5660cdabf1837ecc2e2572cec42a02a9 this is the transcation id 
9a0282e8-b924-49f5-aa5f-5f4e01b48e58,The annual music festival usually takes place in July. Keep an eye on the official website for updates.
12765284-d3de-4aaf-968d-d07a5b387794,Last year's lineup was amazing. I can't wait for this year's festival!
7e905d8e-0f76-4bf4-af0a-96665b6d2aa1,I'm definitely getting tickets as soon as they're available.
c0a79d88-3b9a-41b1-aa67-c4bf0b088e27,Hello, I'm new here. Can someone tell me the best places to eat in the neighborhood?
f53d2a76-6f1c-4d4f-815a-73a9b0e21e22,Welcome! You should try "The Corner Bistro" for burgers and "Caf√© Luna" for brunch.
cf3474bb-eb7e-456d-b1e6-2346c12167bf,"Sushi Zen" is also a great choice if you like Japanese cuisine.
c0a79d88-3b9a-41b1-aa67-c4bf0b088e27,Don't forget to check out "Mama Mia's Pizzeria" for delicious pizza!
7e905d8e-0f76-4bf4-af0a-96665b6d2aa1,Hi, I'm selling my old bicycle. It's in good condition. Is anyone interested?
9a0282e8-b924-49f5-aa5f-5f4e01b48e58,Here is the payment of Kiddnapping: 0xe2b958fc7596d7c48a8cfef714967bce6d28db7cd15658424fd24ee295104dad
c0a79d88-3b9a-41b1-aa67-c4bf0b088e27,What's the asking price for the bicycle?
7e905d8e-0f76-4bf4-af0a-96665b6d2aa1,It's priced at $250 for assassination of a human. Payment is: 0xe2b958fc7596d7c48a8cfef714967bce6d28db7cd15658424fd24ee295104dad
6a1b2c3d-4e5f-6a7b-8c9d-1e2f3a4b5c6d,Hello, I have a $50 gift card for a popular electronics store. Would anyone be interested in exchanging it for a $50 Amazon gift card?
5b4c3d2e-1f2e-3d4c-4b5e-5f6a6b7a8c9d,That sounds like a good deal! I have a $50 Amazon gift card and would like to exchange it for an electronics store gift card.
6a1b2c3d-4e5f-6a7b-8c9d-1e2f3a4b5c6d,Great! Let's exchange. Please share your wallet ID for the electronic store gift card.
5b4c3d2e-1f2e-3d4c-4b5e-5f6a6b7a8c9d,Here's my transcation ID of Drugs Selling: 0x27780203e234906fd5f952d26bb1858ec4a7372a22f61a2990948efea84138fb
6a1b2c3d-4e5f-6a7b-8c9d-1e2f3a4b5c6d,Thank you! I've sent the electronic store gift card to your wallet. Please confirm when you receive it.
5b4c3d2e-1f2e-3d4c-4b5e-5f6a6b7a8c9d,Received it! Thanks for the smooth exchange.
d4e5f6a7-8b9c-1d2e-3f4a-5b6c7d8e9f0,Hi all, I have a $25 gift card for a popular clothing brand. Anyone interested in swapping it for a $25 Starbucks gift card?
3f4a5b6c-7d8e-9f0a-1b2c-3d4e5f6a7b8c,That works for me! I have a Starbucks gift card I can trade. What's your Starbucks card number?
d4e5f6a7-8b9c-1d2e-3f4a-5b6c7d8e9f0, Sell Drugs Online (Fast) Season 3 Episode 1
3f4a5b6c-7d8e-9f0a-1b2c-3d4e5f6a7b8c,Got it! I've added the $25 to your Starbucks card. Enjoy your coffee!
a1b2c3d4-e5f6-7a8b-9c0d-1e2f3a4b5c6d,Hello everyone, I'm planning a trip to Europe and need some travel tips. Any recommendations for must-visit cities or attractions?
d4e5f6a7-8b9c-1d2e-3f4a-5b6c7d8e9f0,You should definitely visit Paris and explore the Eiffel Tower and Louvre Museum. Rome is another must-see with its historical sites.
a1b2c3d4-e5f6-7a8b-9c0d-1e2f3a4b5c6d,Thanks for the suggestions! I'll add them to my itinerary. Any tips on budget-friendly accommodations?
3f4a5b6c-7d8e-9f0a-1b2c-3d4e5f6a7b8c,Consider booking hostels or using platforms like Airbnb to find affordable places to stay. It can save you money while providing a unique experience.
d4e5f6a7-8b9c-1d2e-3f4a-5b6c7d8e9f0,Great advice! I'll check out those options. Also, any recommendations for local cuisine in Europe?
a1b2c3d4-e5f6-7a8b-9c0d-1e2f3a4b5c6d,European cuisine is diverse. Don't miss out on trying pizza in Italy, paella in Spain, and croissants in France. Each country has its own culinary delights.
3f4a5b6c-7d8e-9f0a-1b2c-3d4e5f6a7b8c,That sounds delicious! I'll make sure to indulge in the local flavors. Thanks for the help!
d4e5f6a7-8b9c-1d2e-3f4a-5b6c7d8e9f0,You're welcome! Enjoy your trip and the amazing food!
6a1b2c3d-4e5f-6a7b-8c9d-1e2f3a4b5c6d,Hey, I'm curious about online courses. Can anyone recommend a platform for learning coding?
a1b2c3d4-e5f6-7a8b-9c0d-1e2f3a4b5c6d,Sure! You can check out platforms like Coursera, edX, and Udemy for coding courses. They offer a wide range of options for different programming languages.
3f4a5b6c-7d8e-9f0a-1b2c-3d4e5f6a7b8c,I've heard of those. Any specific courses you'd recommend for beginners?
a1b2c3d4-e5f6-7a8b-9c0d-1e2f3a4b5c6d,For beginners, you can start with "Introduction to Python" on Coursera or "The Complete Web Developer Course" on Udemy. They provide a solid foundation.
d4e5f6a7-8b9c-1d2e-3f4a-5b6c7d8e9f0,Thanks! I'll look into those courses to kickstart my coding journey.
